{"cameraMode":{"drawMode":0,"name":"Shaded","section":"Shading Mode"},"sceneLighting":true,"audioPlay":false,"sceneViewState":{"m_AlwaysRefresh":false,"showFog":true,"showSkybox":true,"showFlares":true,"showImageEffects":true,"showParticleSystems":true,"showVisualEffectGraphs":true,"m_FxEnabled":true},"in2DMode":false,"pivot":{"x":57.07869338989258,"y":10.406373023986817,"z":-145.4634552001953},"rotation":{"x":-0.0027423719875514509,"y":0.9315465092658997,"z":-0.3635973334312439,"w":-0.00651940144598484},"size":44.857505798339847,"orthographic":false}